"V1"	"V2"	"V3"	"V4"	"V5"	"V6"	"V7"	"V8"	"V9"	"V10"
0.204448856635983	0.120504184957317	0.131454606450888	-0.243989443327147	-0.0590154270572514	-0.0631296369542127	-0.0632221079193401	0.0223137938941312	-0.292268432358401	0.130296961970133
0.405505795090341	0.323703256230703	0.101892343318498	0.00810619233108629	-0.0555066253142569	-0.0297541469430301	0.114586995264389	0.0266106423882021	-0.227749888011272	-0.112653221849373
0.147248125510067	0.305791547585017	0.23056800331882	-0.00569050941532939	-0.487918751181294	-0.30726939364138	-0.0263650499171817	-0.134667915243714	-0.0309156421380394	-0.106362182897097
0.191332110478885	0.155384224695477	-0.0537755149992563	-0.250565598407523	-0.222875284751504	0.0294909782119733	-0.228105397090582	-0.0690712704514025	-0.137231325058137	0.169716196948122
0.235799998151517	0.215560741954156	-0.120672707189155	0.00189223470554359	-0.439783378577458	-0.243009728286438	-0.0529446214747104	-0.000802445717830936	-0.0572667695669477	-0.19883881620952
0.367502069054983	0.189966430927973	-0.0808672440044392	0.0846295825886307	-0.446638789331365	-0.163958658557798	-0.0993889148495781	-0.0216075402652571	0.0611920489211796	-0.0857424719920383
0.32886129914305	0.489889575753839	0.114632332619086	-0.0425073876349058	-0.0862930937119559	-0.0934359394252705	-0.356480565282542	-0.0318094802468348	-0.0582036869434143	-0.0256514813545411
0.311808098887733	0.146711187435798	0.0675770795733449	0.0062384855691127	-0.121821195615011	-0.0898616988711342	-0.108336050238338	-0.00778672724297336	-0.2656801418381	0.00745423872282558
0.280535292451274	0.293103040936682	-0.0398054740111898	0.0641775226399958	-0.317538840403357	-0.214231165036679	-0.287565508669075	-0.0889112691581796	-0.148037761443063	0.0311309582268869
0.417641514798164	0.24301768666549	0.00739663764884693	0.097775873271763	-0.141173557396593	-0.058576747709235	-0.23741932545781	-0.016402052560077	-0.151223998353022	0.0651585676240132
0.161488202289985	0.247929032749656	-0.109252542523482	-0.00461608998775544	-0.440353074018965	-0.231697928257594	-0.190003298892295	0.0283565486969591	-0.192670289393685	-0.175318660010413
0.275672123297605	0.0960065531420354	0.0419972911958831	0.16761333692594	-0.33280300816883	-0.256603609863381	-0.117045365810602	-0.0289171792739911	0.114593069300074	-0.176640778765702
0.149261412249582	0.368027100889751	-0.0656154327146869	-0.091614092096194	-0.283286317581013	-0.169668449282989	-0.200477325815456	-0.0411455249148044	-0.259969976109949	-0.156179941816572
0.269143854657856	0.111462137971228	-0.0393570891365059	0.100450176505467	0.000979845555377098	-0.22906449689087	-0.228812831288362	0.00746351250289698	-0.104761781702088	-0.197913594078403
0.324235406228885	0.36104420154661	-0.126401203119971	0.00784319755407783	-0.3242376844433	-0.142482053770017	-0.10760977468107	-0.12029216588398	0.0057706161150491	-0.116038696283033
0.30995064096387	0.4391036443357	-0.109903401273133	0.208570291524147	-0.169460063713875	-0.0594313625414855	-0.220695661480711	0.00946909132190689	0.0620192512499525	-0.119501281898031
0.127036204483485	0.426392168495694	-0.0557902629294796	-0.0548416958657766	-0.188732090425726	0.018297991770269	-0.285336939619564	-0.0384626110178519	-0.0283723767360899	0.00981319941050923
0.273776970435846	0.129554922229368	-0.176288539803874	0.226070562374023	0.0177988981884429	-0.00459723000309797	-0.274251551887916	0.124911235822192	-0.0419148618458783	-0.152337496695241
0.0979568187954226	0.341745333122135	0.0300167324167251	0.0766311968964992	-0.244014131467504	-0.0228391067152333	-0.203967110982729	0.0577610528917788	-0.217895180812305	-0.0527020940357038
0.161746714856941	0.230357777440781	-0.120701247405046	-0.0174198971233833	-0.0111306108223736	-0.00733490259771523	-0.290298998244434	0.0829698948027237	0.0226357410742832	-0.211916010570447
0.242581541473362	0.15872308277328	-0.126305460353218	0.0068514570401899	0.159351521370455	0.0480316222414349	-0.213238350961256	0.112954667833142	-0.136343761645512	-0.188154829408214
0.29989372532112	0.538680968292369	-0.0749156257406866	-0.0774164953987442	-0.344421640572873	-0.151141383975225	-0.150643589115458	-0.263887898614233	0.109583319786763	-0.00180947523506562
0.0585797990521974	0.179350022305553	0.00968285801595746	0.206008111994478	0.0490009530986812	-0.0478919461732512	-0.170515903408876	0.138297780275893	-0.0618165521716921	-0.224262997959168
0.355216303420517	0.261222196076195	-0.232887946303557	0.171920461201588	-0.0718701918894676	-0.0699523494746723	-0.186345830142935	0.00969951258858495	0.0142352779923665	-0.198631527074045
0.0841050531404154	0.340056433567922	-0.0704624198613203	-0.016441683335315	0.0575874091354129	0.147660494793157	-0.16577909956193	0.186998592150632	0.0690851458789251	-0.30538046342488
0.487212105093922	0.211198208515827	0.00192471566476882	-0.137081148252191	-0.0386164182227188	0.163318463264475	0.18692764099196	0.0166521266002167	-0.202677467083723	-0.0694130984906391
-0.0984891702604709	0.0207051415257525	0.0853948776004363	-0.074092394681318	-0.363084821115384	0.153756865748462	-0.075757113389699	0.229443809595702	-0.26329498200128	0.0543386394514697
0.425521979285189	0.0693240793945436	-0.00132068022794157	0.152148718404491	-0.138113638878844	-0.00292852732679745	0.0993888773607147	0.00541963155338506	0.0219227782949939	0.0374042524856687
0.209904468948934	0.190423124763202	-0.0856616763001237	-0.100835914758849	-0.0954448113096565	0.173991758540821	-0.12008343128901	0.0298134016005581	-0.190875485163388	0.127428200760341
0.216542433318513	0.375733738066184	0.120417117164358	0.118928767303094	-0.120623847123993	0.0093393968850341	0.0712012835828042	0.0175697003665149	-0.167603389834998	-0.0888921287123993
0.17328719730659	0.229936290559331	0.000441396840865055	-0.151054198736739	-0.139889141694867	0.0240913993974334	0.0965962868495571	-0.0600494139702056	-0.279936709863201	0.0425414082980394
0.315348446575802	0.347062877368337	-0.0936354435855395	-0.120775041479196	-0.0574771036082643	0.00847733505021434	0.0856387948258151	-0.105300179326848	-0.19487904279866	-0.0651834895116314
0.266466301116446	0.314474274274406	-0.0418476461975568	0.00285014165758831	-3.33139103540908e-05	0.108247763777148	-0.0103198060538875	-0.0392869205283642	-0.00475451423361017	-0.00995774424009577
0.283965661983096	0.328541979336675	-0.000548269573917376	0.136794097570584	-0.0147371629240602	0.0688517411859442	-0.0456516996909329	0.0199125576462165	-0.0422433506516352	-0.0939124135123009
0.152191641885349	0.307334336546428	0.106961596157773	0.227058525404071	0.0472172441231419	-0.0639859709963063	0.0123315300797523	0.0378856447733542	-0.0158742062668265	-0.191274902592614
0.192404519217555	0.1757223730906	0.071259387239529	0.263637803710881	-0.121316274448615	-0.230259362862447	-0.146302221885125	-0.0406041542515543	-0.00888372352566372	-0.0658477798088568
0.186116938276383	0.13999178367279	-0.072108017157522	-0.107297785285593	-0.0534139164694296	-0.118146472592358	0.00379898985139943	-0.0681698393188027	-0.255187151022046	-0.0313916774407506
0.186116938276383	0.13999178367279	-0.072108017157522	-0.107297785285593	-0.0534139164694296	-0.118146472592358	0.00379898985139943	-0.0681698393188027	-0.255187151022046	-0.0313916774407506
0.168659157341056	0.144903134702273	-0.0198325779381708	0.0747448342744101	-0.0994340774108736	-0.218367691395504	-0.0303900053233056	-0.0304732608814708	-0.159771329956968	-0.117550175403637
0.292203716415572	0.0502491629166234	-0.022234072119214	-0.061655868169222	-0.255001366319166	-0.0426449691352143	-0.0270534797772394	0.211590436754645	-0.312872862650628	-0.151547008215363
0.281479724355034	0.381273455679761	-0.00232589757400038	-0.102383587780492	-0.181417818028238	-0.122200928423652	-0.0369326870138842	-0.221099623592125	-0.0852025879031379	0.0203923742758856
0.250078304116253	0.35685047456221	0.0179496573767489	0.059727721486672	-0.193931399127118	-0.0559043785282375	-0.0863730619354082	-0.0213262223940718	-0.149944651640552	-0.0323509064679267
0.329701935403445	0.397299936915847	-0.0711716973400664	0.00426869068626353	-0.194099115145741	-0.0600594734188807	-0.202290426835888	-0.0772040390129888	-0.069944300548927	-0.0513487850876969
0.418325699871885	0.269936808753079	-0.112466266081423	0.0841518961558061	-0.0124733388760775	-0.107410432058809	-0.148525194865056	-0.0245703552836357	-0.187429868609405	-0.127002115184484
0.120460058641823	0.235155850022633	-0.0291166205046217	-0.138757573361406	-0.00583316465049365	0.386208388396933	0.082116477192396	0.093514837460274	-0.0741477243361073	-0.0233041812833043
0.267405945400541	0.0429750437186676	0.154714682337472	-0.11915680897803	-0.183731459687182	0.0950224787824794	0.383054939114249	-0.118545855528907	-0.0716461374603007	-0.451917010416642
0.178506958659633	0.424040323537827	0.0302604337777815	-0.0179016944387035	-0.0553157271760212	0.113155301874793	0.334768776749418	-0.0783258211460336	-0.113810822098528	-0.215194820005359
-0.0204368628515814	0.276367033203458	0.0315284088081144	-0.0163112338899028	-0.117716253673523	0.204413645161032	0.195414037981425	0.398472354306251	-0.27745733334913	-0.537540369024591
0.185464170045519	0.450146262457233	0.120270516241738	0.0954379916244999	-0.114997650315146	0.12058663302429	0.280495872224887	0.00530034075205971	-0.176618431390576	-0.216616841943614
0.132222355362294	0.319941663301799	0.000432305287446186	0.111448717166143	-0.135932372179009	0.0836902391507141	0.381079892459261	0.101319179868986	-0.128787861202045	-0.381383427482844
0.274939982743538	0.269046370305207	0.0943914113861469	-0.12527105431557	0.17340487745324	0.123999813774002	0.297637873520902	-0.0380814375773963	0.0520935903814501	-0.343784526202885
0.331547406436751	0.346858833949858	0.0402811941792415	-0.00691869799531745	-0.0632618445147657	0.0151098029509188	0.279261432144381	-0.107877145167167	-0.148533286890532	-0.295407679314562
0.332254359973849	0.348523215360681	0.0391179313775682	-0.00712447833108197	-0.0642963848016904	0.0183527744249087	0.278063755424527	-0.10719503791603	-0.148718705718471	-0.294044940794443
0.146714171246349	0.416956015609382	0.109088936500338	0.0936935768287127	-0.132229388900148	0.136436638536007	0.285349279224431	0.0321606932909569	-0.197781471070992	-0.234702525353121
0.0286333162465891	0.0782047173106633	-0.0068999927858318	-0.164623713444283	-0.146297786288139	0.246518900060786	0.0807234850062905	0.388561678332288	-0.294540818670502	-0.491170846560617
0.107159455704726	0.374617146156749	0.0693170300481312	-0.0257342778640034	-0.124707611506002	0.186210118476017	0.280238032542554	0.0108846497062769	-0.182453786648399	-0.140334031085429
-0.0031642395488463	0.218015098818375	-0.180405944655987	-0.17702778971418	-0.150793023438896	0.400554195198807	-0.0779548175140809	0.096444349962612	-0.100538772241247	-0.029761968226152
0.121666549453735	-0.027418494956476	0.103802560953741	-0.293877153186468	-0.220446067535148	0.154039087753822	0.363222808442085	-0.172493440649973	-0.140377836727591	-0.324508401407831
0.256579345161565	0.253753424240985	0.0301226795359036	-0.18970259434067	-0.0330438569474116	-0.00499190110414813	0.0247053027313164	0.0155203398351009	-0.170337085525938	-0.0649636973280256
0.145925545509072	-0.0434681549584722	0.0830801347815242	-0.319525174504911	-0.147292518002421	0.0971531489849326	-0.0202236925020365	0.388766715822386	-0.504558639098023	-0.375594606886217
0.4472130905327	0.152240768726558	-0.0619177091896969	0.0120520196719018	-0.0674944183154434	-0.288285849593723	-0.187249066323678	0.0339792498298931	-0.179389516035749	-0.120867978627771
0.336237124072514	0.248647984614343	0.26017535946216	-0.0505633359683938	-0.0707851778004304	-0.177732122225735	0.0132247950090572	-0.0104850260242962	-0.204494203073074	-0.050426865722856
0.0729024252108295	0.257646818265102	0.132126953047779	-0.264260760969759	-0.226788550311977	0.0434323025863095	-0.129574129033265	0.00470878884848068	-0.131029936115916	0.120348208192767
0.172879400200813	0.140479448159072	0.124010258835358	-0.284859043541482	0.0653522620699009	0.116225463830306	-0.0098651031115387	0.107211251237672	-0.128960944679179	0.019453920152881
0.065522286047201	0.237548026337581	0.170765747595575	-0.129420791872491	-0.077834326582625	-0.038327744786389	-0.264682028658141	0.142090826580309	-0.213062624162126	0.0238312237348301
0.174718822835073	0.055273010161442	-0.222681877523761	-0.279965990823709	-0.099153506542066	-0.178602820335446	-0.241460919214163	0.0398023231732388	0.047893479037154	-0.245972803147129
0.225589787312862	0.0213698449575416	-0.298976037087105	0.0578855895139927	-0.375645605788917	-0.156538146674822	-0.19153024200728	0.106794558299491	-0.144968858735851	-0.243025159619137
0.2159218218624	0.162764289766216	0.0114132988525698	-0.00514766396122332	-0.457817031509758	-0.153087442096689	-0.221034770876155	0.0483778531340484	-0.098949438382699	-0.151999024965829
0.150249738019027	-0.00192965860093389	-0.154421429376664	-0.00209724873610097	-0.406931790577463	-0.180733459127142	-0.385274628906138	0.114824361832011	-0.131232435680731	-0.124047979524512
0.284363398726918	0.21817758585888	0.127737333760536	-0.0902217515768798	-0.0995847979610768	-0.0656289134064174	0.0352026383096663	-0.0989229297316766	-0.117390448850803	0.0594996563675846
0.216811723367075	-0.0330215234867907	-0.251601561953238	0.0442439588179524	-0.475330050804086	-0.146746436127713	-0.22435375066975	0.187691259976849	-0.144891705740857	-0.215994623239267
0.202330897644289	0.276434957620581	-0.105688493731875	0.00259593630482795	-0.264306043810329	-0.167313320413985	-0.311538475096406	-0.0364404928800877	-0.171164195076824	-0.0861554750639749
0.145654745491705	0.0601233790789049	-0.187705498291407	-0.0192829492230786	-0.411310244454508	-0.132156486687367	-0.337272176043235	0.111681957497904	-0.130604678145173	-0.166777592145487
0.244801389464151	0.0883410118007442	-0.276352909177516	-0.000976145583056406	-0.288520126165309	-0.165804951811394	-0.291855277352799	0.0491689581102241	-0.0599146175998914	-0.232686655977162
0.314395978983773	0.193082500086985	-0.230596590842344	0.0324372604089057	-0.198620635725853	-0.116004559091237	-0.245970458476977	-0.017429637907836	-0.0694498745940684	-0.160220425460667
0.222274063806144	-0.120353445659309	-0.30362740518029	-0.219900125364149	0.00284475476773091	0.077669931386328	-0.217354025518787	0.0656854309977236	-0.192855496881287	-0.0528171353365609
0.279559323739342	0.217072735332134	0.192525977814687	-0.137576108360089	0.114030072340079	-0.169748210237969	-0.0436441672029193	-0.0612726797873903	-0.0180636427948958	-0.143985228828179
0.288431903458254	0.0192533307491671	-0.187828525408764	0.0522762056669148	-0.496910754451461	-0.109070991786163	-0.136194889869725	0.150871282708491	-0.0374055480203528	-0.302032785702797
0.300522060809092	0.131341808013465	-0.152460095058749	-0.00792020954696997	-0.173652979474389	-0.0615053422541324	-0.314608400759802	-0.03116487095995	-0.146020371840743	0.0456547420292986
0.400102095868009	-0.10012009509734	-0.232625882764784	0.0977878706737048	0.0485083361447658	-0.139746409856365	-0.141284204600315	0.227640905498755	0.245340609551674	-0.505174232140229
0.237298736613721	0.269712939445345	-0.0839889721686734	-0.0123223632026311	-0.217363573976713	-0.0624359935535837	-0.282310247273469	-0.00915687968620332	-0.185697467017976	-0.0380460120484773
0.235965606721005	0.0133512313303603	-0.227892053819008	0.0292331682507991	-0.534124875986896	-0.19294347207994	-0.0840879094642666	0.117866511980949	-0.179733536171215	-0.232714421029261
0.276098237953066	0.154892014276813	-0.0304883550728701	-0.162438944727644	-0.126735807453615	0.0634766397693388	-0.0614231206686679	-0.0565838520375538	-0.217097051856563	0.107977088967511
0.286876346126173	0.221546651094237	0.141175316025626	-0.00418946911223653	-0.165606832954956	-0.143286523327569	-0.286618542561366	0.0518315802168908	-0.0330771785880902	-0.104066381551816
0.195286806678652	0.261114217112794	0.025366753228327	-0.191053853916776	-0.145185228764537	-0.151521473126751	-0.0278218335048706	-0.205561106613463	0.0466612972057304	-0.0106389550917657
0.23648349678549	-0.00971013380827794	-0.287041137731655	-0.0565001921399987	-0.364571581733682	-0.0369575029857971	-0.213477059976398	0.212046825414596	-0.118511908214483	-0.247648589127356
0.227275096961288	-0.0680465276778213	-0.250110433422748	0.0421361732354885	-0.416288740738486	-0.160185381993371	-0.202052310837341	0.190901292333899	-0.141059937962856	-0.260386419390888
0.271343064385284	0.0178036802170127	-0.255826727115469	0.0345182649699834	-0.260330541082094	-0.165423297347204	-0.275773370409768	0.0803235187733747	-0.18983343230381	-0.189642758689594
0.194471763059047	-0.00305848010431702	-0.246705451269701	0.0278788588993694	-0.46803828247915	-0.187637239798	-0.260886524334048	0.146486934797522	-0.167270727398941	-0.208192599735885
0.20088108620333	-7.57930372710658e-05	-0.166383088069468	0.013094235973668	-0.48146988965127	-0.167285356880187	-0.256521107327654	0.125983322209608	-0.14841265785505	-0.148856981984877
0.226071336787008	-0.0262205585786056	-0.231386524381696	0.0348086280263835	-0.462213007915183	-0.143067820347094	-0.250395610552218	0.170277247638563	-0.140684884952461	-0.194042459331226
0.0920940991318357	0.131939671894643	-0.0943121849735485	-0.0401617306081009	-0.339395936844877	-0.1032744287158	-0.341805737718532	0.109865077945166	-0.19959353183902	-0.153210492681025
0.253888569090282	0.148112321170411	-0.266501241692267	-0.00422023421527216	-0.200509234969056	-0.171524488123211	-0.270485573846272	0.016488373264264	-0.0922977678005451	-0.238096058133934
0.296014047046815	0.259691116464791	-0.132453055351452	-0.0203703331065783	-0.183677578325601	-0.100973187908272	-0.245771968159511	0.0303802664938698	-0.118116370939976	-0.136189904232658
0.107768687498746	0.0412056283142901	-0.241365326317196	-0.000662950288738737	-0.341505904319078	-0.147345909754631	-0.21096782172106	0.126779306119951	-0.0139397061921795	-0.361668168519426
0.0881130158511981	-0.0301770458804802	-0.208198788767833	-0.111213800652513	-0.38087060713003	0.256634157456046	-0.444497538381122	0.114396529406291	-0.165514580342723	-0.00335260762155382
0.20503231900459	-0.0406762002777473	-0.246555496957111	0.0482297592619423	-0.484564868625367	-0.144849050810234	-0.23100258538429	0.196764773258917	-0.154057733093828	-0.220133893051313
0.336180560989834	0.0145925555296143	-0.117868130646325	-0.00345360097507341	-0.118060948831594	-0.0957780907414147	-0.307274149502766	-0.0501408123716608	-0.165997327160771	0.129837927673815
0.0981304773524326	0.0656466653121624	-0.0389161785955423	-0.262941268153933	-0.177388440626975	-0.123007102863416	-0.0854219555382904	-0.163254115352729	0.0299262645056108	0.0141799150258431
0.109940183612316	0.136885114855679	-0.0785941124316691	0.312767862025424	-0.0627453643170561	0.419346835180612	-0.239552647800144	0.267710496473367	0.0571332125797903	-0.184841266584523
-0.0749625493381759	0.0368349238006127	-0.0492485902413349	-0.0678367265384696	-0.201457346315743	-0.0330166905573189	-0.349802446289202	0.138392335690567	-0.000475266614953604	-0.0758854575768525
0.220458808025424	0.103908283840576	-0.201246611914682	0.0333545769343552	0.196196676011148	0.147873056839798	-0.208563068421972	0.139904143623883	0.00589846862297282	-0.152915340329021
0.246983578778274	-0.0454446965240418	-0.0169821844322618	0.211274123042071	-0.195373164944072	0.263846506183253	0.0764170348870298	0.295600333916613	-0.128382183349825	-0.0629453391098726
0.260315206279936	0.391238709392779	0.0114166273499903	-0.178751977662486	0.0163983928977668	0.154182513072673	0.173251616746106	-0.00391313339297185	-0.129057033934419	-0.134598962268075
-0.105535888974102	0.144851821324674	-0.0337947929236796	-0.135090486358241	-0.308580931794707	-0.0255246693200954	-0.257204757650311	-0.0619537130678864	-0.0138533712937563	0.126827364146131
-0.0719432817169618	0.184547859407491	0.0820823723670669	-0.131563932367451	-0.298932390919096	0.0793569897733316	-0.17327704469519	0.0064897498042774	-0.0675277089997277	0.181421236256366
0.232049381840445	-0.0342745284072411	-0.184942094766602	-0.00588817202528684	-0.146207639071571	0.0540144059056976	-0.438633733947216	-0.0288471461469118	-0.0580471652683333	0.150742379959452
0.0860195395634862	0.12371444608485	-0.0878261009922093	-0.217581868063758	-0.377863078631376	-0.0170629560236239	-0.11208251414008	0.0654303076145111	-0.31944250884385	0.0393420647712721
0.0215314024679109	-0.00167211118374891	-0.245756415936089	0.0350523222084872	-0.457444700264728	0.0430050247574947	-0.369248542851521	0.159825572770966	-0.0973897806378392	-0.0500997509402349
-0.103346718660015	-0.067908765569832	0.0365596617499505	-0.0369932104015026	-0.447144635720481	0.00831115550173003	-0.0561865105120695	0.123240149231946	0.0151689595956149	0.0223004548735822
0.0475364459750106	-0.23241331420866	-0.273626720660461	0.14999230634575	-0.122916509487655	-0.179619451927531	-0.145288568163719	0.183609672857809	0.0108678803347659	-0.314034111649953
0.109459202435131	0.061251143450037	-0.207832794683199	-0.179065054930255	0.0520010414350403	0.233195459501232	-0.285009206576321	0.030536145377574	-0.147448351910587	0.0335028442183373
0.108847542131204	0.0590372932738341	-0.163364584350362	-0.0913662643423055	-0.506916233460104	-0.163604717286027	0.0535830915323975	-0.118860330563755	0.0255892556470233	-0.0899407559089579
0.177789504768795	0.434613944230892	0.108294667417396	-0.0139486011406634	-0.122860642954143	0.0684451418625932	0.263989566370812	-0.0453622418405861	-0.167540639007785	-0.116824799022712
0.191955980817115	0.262702466430555	-0.0800782620689132	0.0472961295926814	-0.237460113399554	0.00841476860884077	-0.242932668298959	0.0150551984166066	-0.190228763363397	0.0222161161308418
-0.0688273186479859	0.176650846435623	-0.04941339221209	0.0937676492069985	-0.229504490773566	0.165753549036432	-0.195337394313265	0.168581201043106	-0.0895422604550568	-0.118227856413736
-0.0785038493207641	0.148581247571013	-0.0851315401001069	-0.115168859260082	-0.326465558388969	-0.105873158761276	-0.211612632639394	-0.104044423425041	-0.000785699188544375	0.0618060550914028
0.193140974518647	0.356676576857412	0.0287398304462967	-0.0142162448707145	-0.0591867322633974	0.047985666789891	0.20261657537083	-0.0970995510536958	-0.0610814200572896	-0.0998168441381719
0.144797302505569	0.398348160919466	0.129729693385773	0.11163299721041	-0.133353382634059	0.102575230273074	0.226716239030092	0.0378829334165986	-0.176012885052943	-0.184384968258349
0.212735423531379	-0.353879557731896	-0.248187328187287	-0.0990749816061351	-0.343798427825783	0.0651224780719904	-0.368170790810871	0.207343920045378	-0.207298145173344	-0.00201916634805262
-0.136364397424321	0.080884298270962	0.0203581494964556	-0.0169897229112183	-0.361994157580974	0.0745762029675843	-0.00906802578309901	0.202037090516696	-0.0657994754905925	-0.0796325467686343
0.241586544776218	0.135511206259388	-0.0996220283747888	-0.103993673138338	-0.0308486848962822	0.291852232398805	-0.25545216000552	0.117972765662143	-0.0887799168354581	0.144947301307166
0.185472679004696	0.104398061386985	-0.377045480742147	-0.0856343306619757	-0.162397302195336	-0.131817211473568	-0.299271308571141	-0.0212357578258074	0.0647247024301993	-0.29622505046864
-0.0853291076534881	0.188117759910421	0.0390915156995819	-0.529297343846201	-0.215516711422881	0.310419966960044	0.136260816778723	0.259175117623977	-0.298047573277688	-0.373119260555176
0.0991280226780889	-0.0465641987956557	-0.0222211926419283	0.0957950169447619	-0.15073527842347	0.481737131664468	0.183502343383031	0.353955929916786	-0.2203085889967	-0.0943121030603739
0.0897621337908903	0.0412477559765725	0.00948616325835036	-0.1245497603141	-0.0786086877174129	0.332254540665803	0.250673085613759	0.0278071687105787	0.227131646829291	-0.0285697377813029
0.0218239276718088	0.102657336200377	-0.0888119058236529	-0.446208109269786	-0.327278099113417	0.247000077496774	0.33843869236388	-0.0911155872359686	-0.267565623798812	-0.399926711997836
0.247271979614971	0.0286074080615157	-0.0486391501597739	-0.0103564424552019	-0.0473424415225793	0.370516614418523	0.14268479890303	0.106537905482366	-0.00623037170500982	-0.0428339367745586
0.379619726904231	-0.0690783903233972	-0.0658634636325324	-0.00495341862090808	0.0240083864045379	0.476732162954851	0.201895137817481	0.152827657594344	0.10536360949525	0.0108145610589306
0.256202978429543	-0.0772664162681718	0.0227140223510597	-0.102790717326298	0.0363226533375495	0.459813885403569	0.257506655284856	0.150759013922954	0.104132643836232	-0.00776268176893432
0.227788788258915	-0.125562458854933	-0.0762093956027122	-0.0706437613914651	-0.226530650694173	0.489831746592046	0.0952664154462158	0.295049474393048	0.0117395420757407	-0.0700210337352334
0.0712042617718618	-0.0907034517659424	-0.12803011533172	-0.248552476147364	-0.294335041194191	0.387113260605476	0.0939703155876028	0.268753022295081	-0.0805667378902083	-0.0764852584340164
-0.0127942144657198	-0.0528966935992026	-0.183028302480046	-0.584063422868788	-0.323076383210876	0.198465144228548	0.26445056370695	0.144931385487261	-0.374247954828085	-0.449713322925954
0.229546498695462	-0.128718229025228	-0.213567287102605	-0.262073586237882	0.143905153997761	-0.0586468057963468	-0.105613068980013	-0.000324415024473501	-0.0156073598527244	-0.180878263936257
0.327609469516598	-0.0981146253479019	-0.415844965224966	-0.193992024366437	-0.0433966582390544	0.0881288045469189	-0.15590708662007	-0.0379277084609856	0.0173349435648182	-0.10116334787787
0.307236183152543	-0.118942741146756	-0.354925953859367	-0.213437960209544	0.0568577540216506	-0.0256633977408802	-0.223968121127518	-0.00452297879104433	-0.0156010841820932	-0.115421475738218
0.194739856821325	-0.276805322772171	-0.184114243049306	-0.201149871467504	-0.506854223231113	0.20014620376677	-0.0913542798922837	0.252181006287442	-0.032475973071179	-0.190715002973281
0.212159978831649	-0.02049359818452	-0.20973726329687	-0.143804129380952	0.0762240161303839	-0.157331500328743	-0.246093121900992	0.021341548130614	-0.148965575080501	-0.170424985258361
0.209835567705167	-0.0798187936235806	-0.1737225939159	-0.199166516963723	-0.395743096173376	0.0641531177844989	-0.19699885331661	0.149414026334023	0.136886484761833	-0.298909560089495
0.198315300889226	-0.121404363223322	-0.392278205602118	-0.213443109943411	-0.256185732102808	0.176387622011591	-0.419628470740317	0.0450448391376375	-0.0730244510227619	0.000420522969371756
0.209139790258574	-0.0903825253772143	-0.309038726050423	-0.254626891373271	0.0544458035048363	-0.0586161226963783	-0.0743804503315619	-0.0207181157697179	0.0624942507874257	-0.2496404850164
-0.181487805761552	-0.0400441575506737	0.254088250178459	-0.0749184797162899	-0.372993424437794	0.0595408663957068	0.0385072963040519	0.235195687739299	-0.182582811813433	-0.0421916289557946
0.169335421082001	-0.0606494247560621	-0.0379037236336957	0.057343097743953	-0.117466265262694	0.479398311559369	0.10235273735685	0.226325312599586	0.0759269903426033	-0.0560089061022182
0.269401612489508	0.253602710605598	0.0500988433496094	0.190588121958418	0.0994453558849315	0.0220314028519588	-0.0520613375556575	0.0792062119206001	0.16420424849298	-0.240669655698502
0.190075357749187	0.0382134333539224	-0.288839683676367	-0.151263978507668	0.155971585345177	0.048945286891431	-0.283306357240023	0.120728676829486	-0.0995581716047294	-0.163837478918919
0.118386730667903	0.234594819689778	-0.143109785931073	-0.0468130952073796	0.125882569102382	0.217096550312343	-0.147321436876268	0.127703853518942	-0.013059654798659	-0.16953101225266
0.270254808394645	0.194707805087363	-0.134413210584174	-0.0556777328582587	0.075055832513537	0.204929385925283	-0.231508564863963	0.152262528655019	-0.167824972619007	-0.00780183850623511
-0.0648593115817814	0.291446381340389	-0.122738019918608	-0.214299370208194	-0.163997412759263	0.043456103186088	0.109477756829435	0.123380063106907	-0.253839257585186	-0.360656483415867
0.27055047952723	-0.15561625869795	0.0333671850373174	-0.114516878723593	0.0476744829526351	0.390734035045234	0.175478660445901	0.172897124094094	0.122579242968851	0.0390685522389108
0.0741959196593474	-0.165793891404836	-0.110633142066921	-0.169678685643642	-0.463437436941188	0.158955767154647	0.0485512998027649	0.250690268266501	-0.149755891274961	-0.111192619239975
0.132818393627459	-0.0441430253111688	0.193399187059433	0.0253624070404221	-0.263256263032817	0.197622328588199	-0.0596106466862653	0.134177342505921	-0.129066355613833	0.210795850645278
0.13224596475176	-0.0693316333531804	-0.336737073638588	-0.130356157643046	0.0117027306992475	0.0479833437539672	-0.069132936260849	0.00949657717258906	0.186193548584706	-0.220381027526481
0.00061593041256465	-0.0568029517028889	-0.108851390476075	-0.235007272188791	-0.101510785263426	0.401210408304952	0.102229098286651	0.254315842558409	-0.133972492632893	-0.0707957012315268
0.137894308459231	-0.183914222661582	-0.321046285520297	-0.129121298940159	0.0982936098169716	-0.00168462946308151	-0.153404771025174	0.0733971643061067	0.104085808994845	-0.221607302328953
0.309186677137693	0.209905409877238	-0.124293668205962	-0.0184745215478872	0.161141678491443	-0.0185937212950944	-0.0897450011680489	-0.0132535046641476	0.0563229550567907	-0.177947770624795
0.163742958064474	0.052167945480133	-0.138568292627943	-0.101720496038033	-0.509121416890095	-0.07154720548465	-0.0712473526554844	-0.014046962587863	-0.118784672604362	0.059335247276361
0.164507083966755	-0.0707695594302	-0.0244203894179904	0.0176102723638041	-0.189970172628466	0.403372266994165	0.0790928386072565	0.253437701137601	-0.200723079681439	0.117491549360143
0.0452032264767044	-0.13405049523521	-0.24576910902389	0.168094071258699	-0.234757935997814	-0.0308500673752965	-0.232410532821931	0.248480634881164	-0.0112234794999098	-0.232991582830134
0.199586376424769	0.00563650131912666	-0.0868303917980324	-0.083220691408969	-0.23709224734583	0.289982610468947	0.090781325503354	0.102410570856784	0.0682963232760897	0.044938090974158
-0.172567940722518	0.0307996059085683	-0.0691857292523371	-0.299385704996256	-0.0336254542607568	0.000208253471389912	0.261093295993989	0.0411135816798152	-0.250560902116071	-0.268867766825481
0.389493963210818	-0.165361448808983	-0.049588996287109	0.0217284847817677	-0.113668340071444	0.575741363044355	-0.0209546183142286	0.213540784128916	-0.0737901570495011	0.0998194341301621
0.410630688112474	-0.165473620703453	0.0183899702034601	-0.0249023785757297	-0.110677192212314	0.471857111088631	0.0923868546550985	0.197224530125138	-0.0518964920348143	0.124052008711706
-0.193422862775704	0.157410680482033	0.320448560323931	-0.0296689239572908	-0.0391723375162243	0.0530583854499692	-0.111187855810273	0.0911175162807933	0.0923253436246063	-0.273821117653176
0.343315893776615	0.0948833099152725	0.266054303802123	-0.354259079029332	-0.171314675401861	0.254368108339701	0.152020131066679	0.143289757639282	0.0924847057456413	-0.116153753542309
0.0223705236595477	0.0497024580993372	0.0544738197568101	-0.151044123987552	-0.245643442202921	0.215258016994118	-0.0128584526729531	0.066708766237931	0.320123521045474	-0.0459406226585607
0.131640364984107	0.138313150360231	-0.0568644733358942	-0.217284276289783	0.142691776872074	0.286304079194908	-0.111404776088335	-0.0576078749933704	-0.0716822137197071	-0.110207164367674
0.0877533227975847	-0.00918784420309308	0.0382717305573694	-0.320047659417507	-0.449217590229346	0.273451714343368	0.305914875724368	-0.339798234017416	-0.0343453347946436	-0.519485982186273
-0.0215976233222123	0.125666880881295	-0.0215776688383808	-0.162799841354566	-0.116601426486737	0.24249875633639	0.230691194144263	-0.179598854393024	0.0863628985657221	-0.286725076304472
0.249663092085174	-0.389142487294015	0.283711009504223	-0.315713381917522	-0.267336558074096	0.120041673572823	0.0431960335273065	0.0662047737227574	0.364612097602595	-0.125950170087976
-0.000854005780631592	-0.141802496363586	-0.400802462735568	-0.24835394077721	-0.0703727996641207	0.344684283964423	0.058697880244207	0.241543167681018	-0.100416413967145	-0.305337186041422
0.191073742688934	-0.106308835368963	-0.113469101229421	-0.060089274757339	-0.570840767790308	0.470512091133331	-0.120232433611755	-0.0408069366438554	0.478874555706301	0.027755679777811
0.18871835979428	0.0331957363817457	-0.144783880200893	-0.0158018852995965	-0.0407049654367884	0.369130995647061	0.166940156475086	0.0640756814761238	0.0622230782076925	-0.07239065535336
0.218804127175269	0.0693535616165192	0.126398501294693	0.0512950354173269	-0.212266340586356	0.440179809394548	0.252872282094786	-0.00458053376249568	-0.0254975115617875	-0.125302579239688
0.0922652047365691	-0.20261635319636	0.415825499905226	-0.215633251306945	-0.20358784996508	0.219247860968189	-0.0769585346199737	-0.0354431429463711	0.179999875246028	0.101154290340028
0.175911680671546	-0.314107228164179	-0.00461629671131733	-0.212945630498398	-0.363855848826027	-0.130129508923255	0.133136601977783	0.250150505959108	-0.0841135221871519	-0.32580137919291
0.329524499103829	-0.269450330000756	0.0806013653688237	0.198401575574836	0.0586913531077054	0.264945760191088	0.175482820716836	0.120232461745683	-0.0520496666433302	-0.173333584760913
-0.019306311088048	-0.0261620234412425	0.0603491694698117	-0.207227054898361	-0.195046585794155	-0.0125956346650407	0.363684378533417	-0.0777784642362911	-0.213955926205888	-0.216823143585992
0.307145760542031	-0.19998044427616	0.227574694952011	-0.0287640859141298	-0.191651696313675	0.0406958903003686	0.171387097443554	0.038323091543154	0.364548173297991	0.00146412596018602
0.174935101558677	0.13133736315071	0.216562072625584	-0.230010645539456	-0.280692720167556	-0.148161569974947	0.0991044664328148	-0.129493251741314	0.166487194419634	-0.0844618901941082
0.294592343056462	-0.452712835248168	0.17588665129332	-0.374132966071749	-0.216940080009335	-0.0630797052811432	-0.00504692380663679	0.240347763264636	0.357411813312345	-0.177000809769285
0.387096126011552	-0.084335914980915	-0.267289831213269	-0.029543808285869	-0.192865413950262	0.168428255878707	0.102834685594817	0.0922555917389541	0.257029115139215	-0.243785082950961
0.234115719742435	-0.0271300773218695	-0.148538327349808	-0.240331781014885	-0.329432828974693	0.157756401751945	-0.114119329928587	-0.0141793128910096	-0.0406800777345015	0.0960422950680739
0.305084230574936	-0.0650897154473755	-0.093193866613161	-0.141911766338966	-0.250529546773119	-0.0272608593769089	-0.0407992554447953	-0.123705898395772	0.469242450470763	-0.0471404462356132
0.115814953678409	-0.253583905970923	0.211796907848772	-0.113096973052502	-0.497337998291154	-0.0176310518415981	-0.113453370414989	0.258055760587114	0.100172025311863	-0.0637572025984365
0.321013331600915	-0.112365464534135	-0.130143153210292	-0.155295756542984	-0.34221126692102	0.452710075410872	-0.162527017989456	0.0354040599306382	0.229066770611285	0.0703703063293131
0.172544512984488	-0.0917415745812979	0.170844284026059	-0.135704215621188	-0.0842285075814412	0.29469894671827	0.151552537532204	0.134882272369771	0.302020922733626	-0.125324247821302
-0.12332176884705	0.182886131486839	0.206352368721087	-0.157173889051636	-0.34505143480748	0.0694003779984134	-0.0319939014763027	0.017115236751836	0.0177320856864165	0.0315341909683531
0.13015043667654	-0.0321417534379383	0.168236455244322	-0.0376048350658389	-0.35020318940785	0.272946063485468	0.210058444037348	0.123954987427292	0.0706246497089872	-0.0337901151506858
0.234396832810086	0.14082466800496	0.0413810976487119	-0.190599471049002	-0.327314052364308	0.2857431846865	0.0176121101780122	0.0287746077680973	0.486959670915516	-0.0107227608351946
0.404990463105556	-0.0211977314378397	0.0649691800488824	-0.0599112524001108	-0.315871492396739	0.362592350561876	0.00575911647211402	-0.00896232671033981	0.467218345333045	0.070621268821233
-0.0611840669388746	0.0735585706852169	0.215431445558186	-0.138481644526757	-0.291875712297565	0.222756934965869	0.125406811337076	0.0947105721368925	0.03515733555958	0.00715267611702383
-0.214517192251924	-0.0591793629192993	0.245341407235818	-0.0111861920069016	-0.273767827131125	-0.0535393365396706	-0.0386994334990631	0.183633256209462	-0.027994896534139	-0.148009763617314
0.380541875682451	-0.006302401562726	-0.288359135425593	-0.0533606854137105	-0.149090294590682	0.319296214242704	0.0532602846826331	-0.0171939397144512	0.422586048114749	-0.0299513451242514
0.116352737503504	0.0523248814502507	-0.168805826878861	-0.0602360554927203	-0.297816508409638	0.23042745912142	-0.123585304775741	0.13506951982606	0.332319854190367	-0.188297632731576
0.34438697931409	-0.123649718727651	-0.0378941543340613	-0.146374049735739	-0.390019281242609	0.304977612112624	-0.0730598990336998	0.0269618162644635	0.386199127366916	0.101248643682341
0.151088144997194	0.122167281462248	-0.0617876755023556	-0.0585409414418667	-0.155055492428101	0.173229509657632	-0.112893220326586	0.0369383896618508	0.266124686080815	-0.0501487500402686
0.055405065040887	0.0826626878070514	-0.0333541082401765	0.0283042349404386	-0.0707231632733907	0.224524255592866	-0.0818129437340684	0.198627786862191	0.377545260380424	-0.228237846368895
-0.141797701012846	0.219453494710411	0.125486527007671	-0.0118425219132099	-0.18069349505929	0.0636692327770423	-0.178028281488267	0.342915563248776	-0.0670681764811767	-0.25727530419202
0.320945033256973	-0.0649751861600807	-0.15166004085077	0.00706631879551586	0.19962678475496	0.284458106267451	-0.0326146085564501	0.14815882523601	-0.0908036226873745	0.00276630111679005
0.163203193994791	0.304025100535373	-0.0707802635005711	-0.153928613907886	0.0727709464102895	0.216826947398925	0.249778789695122	-0.0138586856624291	-0.0430569488551835	-0.223587953280644
0.0352769209772894	-0.00418558815736723	-0.290026230226177	-0.131361725727	-0.166049401865589	0.110223921168909	-0.358304561078483	0.179026609497508	-0.00982422698908421	-0.150751959056151
-0.0568286333850189	-0.138586850916737	-0.0257099753839109	-0.159350502711361	-0.266452667523419	0.103409733149332	0.0292262685747421	0.066681821324783	0.34818945297521	-0.0554501227207017
0.0492062562832112	-0.0969253807728055	0.044214117926578	0.0196790103905382	-0.171697910305338	0.346346232302903	0.183111811319638	0.338890317457179	-0.162471679743873	-0.056603616390982
0.130829490910669	-0.0214979281149307	-0.0160433447689179	-0.0537089460243092	-0.266767738326788	0.251666737026552	0.17609873714583	0.0874039015125078	0.0605205818624484	0.0305185502459543
-0.0747967555162876	0.00997193856126105	0.0305608230591191	-0.245340646482678	-0.158304466098733	-0.0389030400512918	0.350711728081764	0.0572897358202144	-0.256270924155104	-0.190310844936729
0.0709758344357344	-0.0227954438934865	0.11106120496805	-0.15187874792158	-0.0565955307099776	0.263088245146808	0.103307345881453	0.111937739709156	0.275575059332949	-0.210686729785
0.354514368347175	0.00110347274844799	-0.01420544695219	-0.0610941516921808	-0.0973781936928353	0.347277291555501	0.168662044958491	0.036718527905127	0.346426073486045	-0.00181819121946689
-0.0837253805088572	0.0719893081972635	0.120765462155836	-0.151686002685096	0.0377834520810952	0.261684294586886	-0.0457124035316511	0.00670661638902055	0.149223882269811	-0.284514722739188
0.303132600589963	-0.271701537826526	0.280623302738849	-0.250963290284997	-0.360600043735336	0.015007932878411	0.217203135009054	0.110389821260625	0.121637952069627	-0.0882893636390399
0.210050499643213	-0.243057825540621	0.235336339863203	-0.308973213642456	-0.0225298940411271	0.11300856503926	-0.0730182832949855	0.13200182975263	0.463262590657335	-0.112330917014992
0.297126718308822	-0.41449439520231	0.125457937720181	-0.274547700307245	-0.244677733555655	0.0432561988181751	-0.0434163230484609	-0.0304942520747088	0.512482485664163	-0.232166047439571
0.124707674606752	-0.210938359076863	0.270527248118048	-0.231159113162081	-0.0163642347610462	0.0870406745072339	0.0130756655828641	0.107830425425998	0.34247685242836	-0.145952061604574
0.128351698180039	-0.174216853728433	0.480687029442535	-0.0169174480624016	-0.160369715888805	0.137467419452698	0.0139069917274905	0.13320758283229	-0.07833102877408	0.083784196750323
-0.0124012979721529	0.0525033949261444	0.0718145523865658	-0.0386228475845762	-0.0152833184439448	0.101549564139607	-0.3726483578382	0.29937478126063	-0.0628617512425284	-0.302423005286611
0.252819733456291	-0.0853525744360937	-0.0245510230446406	0.00621631475101728	0.172279324271588	0.289976002808476	0.0568957485379624	0.164936414899646	0.0660787183918164	-0.0823562118910848
0.313206052798987	-0.45172646837916	0.45526446317783	-0.0522934485053161	-0.190586788988123	0.051373497427341	0.0375713017908765	0.198101681428202	-0.0387645695395081	0.0396121317641501
0.174360906859834	-0.0641347001527652	0.32394028836295	0.0525919172065876	0.123551790638374	0.0282497226960109	-0.223435956278729	-0.016221526544397	0.0690286695588769	-0.0516627840367269
0.132252848686447	0.0355341032373206	0.2546385432444	0.149402629488084	-0.0617282167090769	0.1943005637915	-0.0761286841066121	0.109622334519402	-0.311737334785147	0.0833593227149109
0.272929263432822	-0.071463700412212	0.498143018110353	0.193906480529687	0.0528523709479653	0.0429476066659748	-0.0603292910643916	0.203179224977652	-0.0629251179315186	-0.223564764716813
0.328100447641601	-0.0966853266615833	0.435356519432116	0.224984869231243	0.0904076752448333	0.0708115217110639	-0.0818507200649715	0.180186320654763	0.0616272594742253	-0.287691803086354
0.344039076404996	-0.0939878557500876	0.232865773488961	0.385329323267158	-0.0157765761687674	0.151947419061125	0.0197753790532432	0.133536535280496	0.0111951279155109	-0.153473378978663
0.44684576035807	-0.125878780787361	0.577424117063997	-0.152483461478626	0.0299410260473312	-0.0101865942332089	-0.067773395565665	0.0518429150001758	0.174968434530145	-0.109277717983542
0.284851380041655	-0.180091230788812	0.198161063254603	0.130354376221971	0.102970071652807	0.242769537622842	-0.0289938462842276	0.0821688899483976	-0.279700939156116	0.138118084956404
0.14350781013128	-0.0630330203154817	0.19684321282642	0.389493982005849	-0.0546700728463296	0.135268355585276	-0.104844919527219	-0.109914048092999	-0.0540004402831214	-0.0721679813810544
0.265754471670866	-0.276356365245146	0.263687996115603	0.0544149727282637	-0.0196146157226325	0.293106027558849	-0.28951308206108	0.0714758834267793	-0.0695694976149206	-0.527193860009796
0.52344715716224	-0.299429988925484	0.365622269726049	-0.0965265861443149	0.200527065054672	0.137833741936342	-0.0867668277597782	0.176923880625784	-0.0667066508680618	-0.125796920038754
0.14350781013128	-0.0630330203154817	0.19684321282642	0.389493982005849	-0.0546700728463296	0.135268355585276	-0.104844919527219	-0.109914048092999	-0.0540004402831214	-0.0721679813810544
0.196842558234349	-0.121349224694581	0.192271180845481	0.488763153120515	-0.210051876821431	0.224549712629508	-0.23363586734331	-0.296099391588553	0.0203277550841448	-0.257406538705368
0.14350781013128	-0.0630330203154817	0.19684321282642	0.389493982005849	-0.0546700728463296	0.135268355585276	-0.104844919527219	-0.109914048092999	-0.0540004402831214	-0.0721679813810544
0.185840525591273	-0.419671566913303	0.038813675482539	-0.403773543798172	-0.192650192152967	0.14952999528155	0.179851835888876	-0.454911155068881	-0.173149525194199	-0.253013605356461
0.0111732254658093	-0.214655666145371	0.254264611022745	-0.421013708446007	0.0379991895734126	-0.0881670986519207	-0.0622848793830604	0.101871995227568	-0.179184073840252	-0.163474556697602
0.291027798842864	-0.028175269766669	0.434105764811124	-0.471520047813405	-0.158688445829231	0.128522280738117	-0.331638551421007	0.0317750327935677	0.351334546747128	0.0145785499575116
0.153499418146634	0.0553435578262899	-0.102188312140564	-0.238629202061161	0.183831183292548	0.217881028905294	-0.199116187614292	-0.0453464030919738	-0.0346575865799411	-0.0854869230644649
-0.0887722994349718	0.199097803950895	0.323874281900131	0.161411032096492	-0.0778196317514611	0.0446312681993287	-0.168415483063483	0.0353322350235877	0.0858668337278808	-0.379745619881522
0.284613339561708	-0.420948171893209	0.309136199403948	-0.342564414509197	-0.17902721269528	0.0672034609756111	-0.105967197656963	0.139430530314662	0.319980707306707	-0.196707184751582
-0.0646763018251631	-0.0607569780790427	0.149995719747142	0.279013550247997	-0.282032542182135	-0.0163564013953945	-0.144228384878545	0.0269468439873376	-0.0533873266744155	-0.272690905678979
0.0159527755120171	0.0331335367849587	0.293988550590919	-0.277717249259249	-0.280867380269213	0.293048280927886	-0.276571156988992	0.285770802895285	0.159247614822532	0.0274855619968212
-0.105627628106474	-0.157290209701819	0.352648809677959	-0.286502155552604	-0.119613057417195	-0.0791940122768282	-0.258307380932806	0.135160947758802	0.154861327645175	-0.12188086629162
-0.232859033069432	0.136442678880806	0.311392254918963	-0.201336303788182	-0.355980200754716	0.0479171997326226	-0.259819867584859	0.119885144565584	-0.0750416846163412	0.0409647324030556
-0.14421349789473	0.228117060692441	0.250305137504734	-0.290531086989218	-0.0523388764904563	-0.00609945080398796	-0.243457435359797	0.0563947643171582	0.0571588408696117	-0.0655764578021358
0.179386637097352	-0.208290411379897	0.288622222800356	-0.372318759741552	0.000512177206018365	-0.00219023550948601	-0.145218642564129	0.166509535783417	0.207037665887122	-0.31278482503556
0.194701651509039	-0.0983928068866579	0.344435922780164	-0.336874028496114	-0.131388237352887	-0.0458739895909586	-0.246497459150988	0.308357018058525	0.308540058183607	-0.128548028188719
0.364205524103149	0.168416116774052	0.340667679351391	-0.353849220539241	-0.101162904055883	0.0945755307747066	-0.135921374945528	0.0204627079297379	0.348608313141974	-0.115895304028369
0.414042893291443	-0.208790261675373	0.148030407380397	-0.329063041548467	-0.0620084225217028	-0.0359196865901743	-0.237418080591611	0.0305191387902115	0.459610492164509	-0.0124792419745035
-0.00491102017491811	0.0213221940696023	0.3553009225001	-0.103823056390423	0.120435145965593	0.0130993207275139	-0.244448743163405	0.130968124438985	0.0442504796035291	-0.07504909579025
0.142175311477916	-0.048226126710762	0.358910598380436	-0.184370644657279	0.111503445744165	-0.0163039127315636	-0.0656192587735025	0.133973180188971	0.344426221683938	-0.146010148961819
0.136439282956034	-0.209432381840733	0.0836155977754612	-0.0415451778342782	-0.285753805881171	0.0659479654704769	-0.200916376525113	0.179655040041242	0.319688342800421	-0.198026039254377
0.254723191952304	0.00315227586549923	0.296570225827948	-0.316444193048361	-0.0282000319085335	-0.0726687540126654	-0.121069078792438	0.00312893004206158	0.06779438434105	-0.185377036354362
0.080934299372913	-0.176581669026989	0.165754082590641	-0.0178802521097264	0.068407516126733	-0.216586524681325	-0.189589110331146	0.148535056645624	0.534979410036878	-0.313265325010262
0.0658974693856189	-0.00236095305945068	0.44299468272053	-0.236028820010645	0.041663984256983	-0.133425500779613	-0.0608466500514715	0.0698987692268913	0.0494914684905486	-0.221074807421094
-0.0615120684384962	-0.0223284318308895	0.395216263643012	-0.122617630301949	-0.0687359145372045	0.0108521296972686	-0.157268036026364	0.0684959066794802	0.08746379266197	-0.0688777947459549
0.076704129060339	-0.139290500433964	0.0962124248313116	-0.22795422894545	0.176261642023855	0.0643854871734158	-0.19451185446923	0.134572805012793	0.165820615918779	-0.147123759238269
0.387046915316809	-0.0765647558716283	0.193467892418242	-0.036803299674799	-0.244266449590498	0.336445761073261	0.00226979862851738	-0.039808819812109	0.389912561409769	0.0782952143026007
0.0659204188782175	0.000986805602673585	0.273094885084515	-0.254298003015995	0.225204132392602	0.0795331906617658	-0.228195071760577	0.192379057622313	0.183864504445406	-0.115534398993406
0.229400634211004	0.0249590797107829	0.503115128552935	-0.238271322322012	-0.061681778090418	0.198818776494957	-0.0300381573418339	0.202033430135904	0.344606483821567	0.0081031085762224
0.109631995240774	-0.088815869241806	0.421508246727294	-0.103380990595169	0.0435307377465388	-0.0615524286185784	-0.0850275906963417	0.150723907144569	0.330627490219868	-0.264124300164703
0.0720890466505589	-0.0198153145939933	0.352880471641759	-0.223683475381343	-0.0565982196645177	-0.168601300916713	0.0984279876946633	0.0160852910734216	0.0129425593719557	-0.19219423856955
0.212023809175315	-0.0188169401076292	0.479068884409701	-0.163096010549092	0.0330593973485446	-0.145819020764848	-0.0309999779351649	0.130484353213051	0.282142005258248	-0.148668657712628
0.240554342683858	-0.18170554927686	0.252674257485814	-0.205874975299376	-0.0112947483885596	0.0970354551694056	0.0167831289067518	0.176657252617486	0.097135147760679	-0.103986529866662
0.12610939260616	-0.258994853763269	0.31751106954922	-0.0868039920845516	-0.13824490737899	0.047626382828387	0.123034018889718	0.40152129561791	0.312279721508176	-0.26883733715817
-0.122564613400617	0.0264360351887029	0.328789336076313	-0.000944030233152482	-0.220139129208667	0.0895505272659314	-0.187529373434895	0.245047199577923	-0.152065930724593	0.0608241155846629
-0.169307908337461	0.0457867424186905	0.373562738228515	-0.0592013567197272	-0.335765938346703	0.0745883762850481	-0.223417217468286	0.190109251598112	-0.108153220743901	0.074109457127057
-0.0424313065271563	0.0279437117368987	0.309370735959521	-0.184766773680233	0.0130851723335777	0.182919922145707	-0.0512302915411993	0.198196869960064	0.0901585286214335	-0.0804757762546476
-0.137075883693721	-0.116128339802725	0.0930034050811904	-0.0325929703073389	-0.271314940184029	0.133575828236745	0.181033801123649	0.203338543606369	0.0949432904947106	-0.23654847209868
-0.104348901663962	0.000329953677517925	0.26614362834283	-0.140333477157957	-0.309613686458126	0.0645637965029626	0.111517854446905	0.161093725087803	-0.156681428651947	-0.00544137603109418
-0.0268835900440371	-0.0130358622085054	0.222109830048012	-0.194303752407687	-0.393258589322288	0.187740000205176	-0.0453678800417407	0.00737903987183774	0.193907210105702	0.180827484559277
0.0896244870946345	-0.0825825698454978	0.0802649402251307	-0.0526820217881704	-0.441612659458367	0.390681320058197	-0.114708335634268	0.159289996127512	0.17347034681861	0.118060530233325
0.0730781465498747	0.0156887557396864	0.233794216032335	-0.0433375756474604	0.157700401779043	-0.178068253614583	-0.108835447737694	0.164894097479805	0.198674283375191	-0.204829210423285
-0.0804480056737199	-0.25598481069707	0.0392430034439065	-0.0729308926820458	-0.153949359387332	0.0842308401726097	0.0911135817341528	0.285314064011254	0.138645694387395	-0.228773765740158
0.260104513804391	-0.268076240430777	-0.10577163887034	-0.0177776514034106	-0.206257665925131	-0.163428773735087	0.0686341911449599	-0.154331973684168	0.244501958364601	-0.0103246469475699
0.00984824987189409	-0.0728341553465277	0.108255831918578	0.177830044571339	-0.0817103243669783	0.25153136910453	-0.210631151406791	-0.422454579088889	0.00652529502784051	-0.265812261913248
0.045139143564874	-0.1410627568633	0.120390900098655	0.217011370015873	-0.192979160353275	0.240649869512733	-0.162603551253845	-0.430454885125358	-0.0347773958614166	-0.114905927910978
-0.143638158542048	0.102402242376512	0.0151577097021039	0.103105206514201	-0.17266999050745	0.220770682694368	-0.103351790882224	-0.347676222328552	0.134441590655526	-0.159175717313621
0.0505741766372364	-0.170569685774464	0.199281947974081	-0.0399054692390233	-0.231011859494091	0.201857466529373	0.0600095947762586	-0.39087782387432	-0.128192112378536	-0.0660260254625219
-0.0982976300947781	-0.0371905986816502	0.0350169200603037	-0.00852610633599342	-0.282414823042987	0.1730080362035	0.075627587796833	-0.46993505348643	0.0676640115525679	-0.212979581463036
0.151568079376986	-0.139369313281525	0.125269305416597	0.347567358854908	-0.0915116740293838	-0.00107638491735455	-0.319951243767637	-0.176411596628661	0.361831838098977	-0.54736153209885
0.285281064420335	-0.296283355536073	0.393799382598626	-0.440473569163853	-0.00705292762689326	-0.195481543511325	0.018556628885152	0.295981396099935	0.230964209653832	-0.190308760251654
0.11008437299958	-0.0909732598261679	0.154356865244584	0.191008488644273	-0.0627606140792237	0.177617533762898	-0.0245448329928711	-0.282642373092218	-0.169997793710424	-0.176336943726394
-0.0411258095078934	0.0574317995120509	0.37679920622414	0.0069496586728576	0.0839504967314899	0.210335664168753	-0.375860819740912	-0.157167543317399	0.00990179900957172	-0.211212725507596
0.111620649048622	-0.0780178107655005	0.118902758320542	0.15649947804125	0.00776512925940574	0.185775970657211	-0.0666603774184942	-0.256392534092196	-0.113830697935949	-0.218387433640567
-0.0966140388114166	-0.170721202277985	-0.0300730940350146	-0.100332074011868	-0.0568254930306525	0.374007160359172	-0.307715789679633	-0.437013143115808	-0.123198475335024	-0.254270524966457
0.166045198946682	-0.295776318274956	0.418082968882593	-0.0712533726412127	-0.133979352519265	0.231552075375728	-0.176646336098769	-0.53041401377903	-0.0838286092477855	-0.237870044961667
0.0398605996094769	-0.0145256963809447	0.335824486617228	-0.216203990655573	0.0519359510522141	0.344836968829647	-0.205574429510985	-0.12108625730516	0.362037491815062	-0.386981247638873
-0.0594302156894275	-0.0461354084782101	0.0565581594981241	0.0607965167111789	-0.20376278224931	0.221769597346641	0.0209177093267506	-0.440526199642567	-0.120649052499907	-0.211018271164737
0.0316105896202152	-0.177015935650592	0.0992908550216385	0.0950509623953888	-0.183158144736226	0.13529429156205	-0.0125421019776389	-0.339125532663967	-0.0916917536377559	-0.180084936095256
-0.0904337600693096	-0.0539517729244374	0.353303495001716	-0.183377319722093	-0.0191810715976274	0.000959768726219602	-0.0549273719843463	0.275556824384304	-0.147975264034044	-0.0892541714240292
0.0589851863106157	-0.132630599777149	0.158243760709559	0.241459739226838	-0.178126161907598	0.218657389642533	-0.150554191923049	-0.360657591928592	-0.0240037413740637	-0.107987068805552
0.0107040545343558	-0.0740110871065197	0.125397255654841	0.266188962587516	-0.196340273945687	0.32468101130558	-0.160377804471159	-0.549140421107903	-0.0334716204397976	-0.268253425317977
0.319867112720566	-0.260427423627234	0.436245183316966	-0.421992465564312	-0.122655584687908	-0.0127302833740174	-0.071025893692889	0.073783244190696	0.402596350570253	-0.135356883718376
0.290426170958674	-0.433182683345639	0.0969790360558723	0.114182275749437	-0.0696414490471459	0.198333568827059	-0.0189606295261516	-0.329285181265481	-0.433392637078961	0.00162329777362591
-0.0519736083620205	-0.0405469056890302	0.0905746219045154	0.159241309616674	-0.147999348092314	0.174758521669097	-0.117995538568566	-0.379722919859925	0.0678058960067023	-0.277413522486363
-0.0935108096457963	-0.0921432321953108	0.239531263157468	-0.287357847289566	-0.0140109954333113	0.252648090011671	-0.344915459019188	0.154433237462285	0.422340740109244	-0.264328657674679
0.0142978915065076	-0.0532730564246441	0.338048827679504	-0.148887098016714	0.0798190302482459	-0.0338761110870661	-0.211027192581785	0.127201197689782	0.166632418621335	-0.0278959085118085
0.244577769213348	-0.0498149715442575	0.310940874018462	-0.124986726730809	0.353882345511129	0.332085303498415	-0.243144099569177	0.141712203787113	-0.153944529501501	-0.068954136111756
0.373364261874013	-0.185749525964839	0.331683060485372	-0.175227759554705	0.192702323498731	0.376521870695235	-0.188714957058585	0.0174024150279717	-0.0904059400645089	0.146168980111157
0.206001008826874	0.0373093419625096	0.211463862461011	-0.0270938738269102	0.305887197386146	0.220025755908775	-0.204297289296544	0.122143106758491	-0.00889895974601465	-0.124136872306648
0.251097244923874	-0.153899840956401	0.435192744606634	0.0540741104851205	-0.0473823365206511	0.134789228229966	-0.149513597607003	0.000978946938293951	-0.0225939669523719	0.241073805792823
0.07665953843426	0.0205647891649598	0.394505292244928	0.0605301776029903	0.12443798709526	0.0830703812318784	-0.218335818567859	0.117837082013547	-0.0783523325564471	-0.0633929023894076
-0.0645165671104935	-0.000689592558572753	0.155322583064823	0.210928371315812	-0.0352632149887933	0.268837002812885	-0.237229489040662	-0.308764264041757	-0.0578388109062957	-0.291084262918078
-0.0794929135288277	-0.0134915090002397	0.383536347258833	0.104875802616731	-0.0270552119381883	0.239718437860611	-0.366406436518091	-0.260954219832952	0.0734676814949401	-0.315505231871411
0.213346078611985	-0.386430890341068	0.470781693437395	-0.172695875863444	-0.161327685295467	-0.0441413135062	-0.264897173684612	0.0728445957421135	-0.261554713176736	-0.355746274080206
-0.0695657244187351	-0.128595672071771	0.105261777935075	-0.136330545396785	0.0732794180910537	0.184691525808044	-0.350666437667834	-0.297463186460425	-0.0651403591833418	-0.262298941237249
0.160412822678352	-0.189280742101894	0.41055953607882	-0.338388919541817	0.106293188568458	0.20043014401491	-0.125981462329889	0.0422108254804205	-0.0565051628718624	-0.229373082956088
0.0785494436918472	-0.382661636501574	0.233958717334649	-0.0209762817594965	-0.0244452027566938	0.150116295137354	-0.214351821456493	-0.445018982462118	-0.218271002611859	-0.43734315392483
0.278585087489852	-0.417397147396322	0.258709248357563	-0.081094092782505	-0.00144294115912183	0.182586226343967	-0.195325200399763	-0.272712051018327	-0.351067096067801	0.0726893899110572
0.266715279903082	-0.303336688866483	0.370793063293382	-0.398244253852141	0.0377276547691743	0.106786514577637	-0.210193320782786	0.0654877691765759	0.104997347116258	-0.241811928616957
-0.0315142033536509	-0.0648664655697477	0.0524310140496926	-0.113535254613552	0.0120813262472514	0.153582448970363	-0.175217612109301	-0.3382817570578	0.033919750243896	-0.26158369198435
-0.246357743207345	0.00977555951560794	0.413106083404259	-0.0280660788879108	-0.0728978893557611	0.264903644294218	-0.41954755711029	-0.244378690106048	0.00144851250819895	-0.400511864528162
0.0977830812512774	-0.147151898241321	0.0469833268954709	-0.370080800557561	0.224284971999258	0.128716991439959	-0.207857580981379	-0.101957587291392	-0.0774139112861392	-0.161414841878546
0.176510048669744	-0.142544532373488	0.402524380605894	-0.336221240356152	0.138125676258776	0.198241496515924	-0.0427371614040968	0.0225159932317959	-0.0263031703862033	-0.264707186191248
0.102647412034799	-0.042412204784788	0.421796682104104	-0.212179529829802	0.188230173329084	0.0970558404227022	-0.290834472317796	0.0241285778126731	-0.153892150035336	0.00081221248123578
-0.152697825050539	-0.00120978449151194	0.29167630560969	-0.0870314511185232	-0.0732368227286807	0.185714537485899	-0.261314136588506	-0.304652279844415	0.108823073988674	-0.387907839510846
-0.0489803383968258	-0.0284983774165572	0.307424432173016	-0.232125062445896	0.00937938027977814	0.0625389319946561	-0.185903493368811	-0.0730403638241999	0.0433262568420174	-0.179181338150478
0.0736758022490559	0.000158732207805171	0.264688948105271	-0.088082206480351	0.129091234528011	0.109824003380884	-0.0763651732454625	-0.0996733341491556	-0.179282130223071	-0.280700033824527
0.169075036088768	-0.0406426710584379	0.519568739310029	-0.14727472066421	-0.0479241076912516	0.0202470549876273	-0.212648525012091	-0.250354843257783	-0.108312299927766	-0.29149580503188
-0.0520991845389089	-0.106951145232715	0.262740027867854	-0.23330481198804	-0.0148353153854197	0.29045470945994	-0.346981722147467	-0.0316049728954786	0.298356174512514	-0.46862917291615
-0.102346961750622	0.0712808193375861	-0.0061988204738315	0.0552637086858938	0.0171303753502053	0.167322220534842	-0.175469298940159	-0.224417348858718	0.113571999828151	-0.265149446127907
-0.114221570355824	0.050755855667164	0.411694285816752	-0.1968695410518	-0.0751351899871744	0.00256483732367676	-0.136382711859131	0.0688152003933254	0.0260641525741093	-0.0373315293897271
0.0545208838333441	-0.151092593183681	0.338773659374165	-0.144609710173265	0.0789781017486552	-0.125979890217283	-0.221076980736937	0.153994902690259	0.184756222692268	-0.0790554288238824
-0.152082991626327	-0.0905082609936692	0.195995069153502	-0.00440609334423923	-0.28972399340759	0.333610964976026	-0.159391601665693	-0.607234930270498	-0.110346164769932	-0.35168911230568
0.246823649855558	-0.523971740531161	0.385617918505405	0.00825402544206986	-0.105925084573442	0.265934172039584	-0.281559009931532	-0.376463203647436	-0.42321434496471	0.0195567262232138
0.0513590942304191	-0.168570461388198	-0.0450916857000021	-0.116839128728764	0.102400152451235	-0.0603357218146741	-0.116031604981788	-0.086936437798712	0.0719382791870603	-0.471766875048375
-0.0747462856285274	0.0469436913839634	-0.0217733332211914	0.0113365555250662	-0.150623197490804	0.378971316629593	0.0938809686393111	-0.343642889028124	-0.106084692974371	-0.226960754575996
0.0726880308322428	-0.330445410139464	0.181522607087745	0.111662178274376	-0.100009935226957	0.198381630752021	-0.0613644576908033	-0.546348495686954	-0.233723623481843	-0.543834172066102
0.116136645428873	-0.0598592861691012	0.352186648122473	-0.00276297666829478	0.0146882826661614	0.106368192179492	-0.100934845528684	-0.149117326652121	-0.206945358798872	-0.106517084960686
0.0933958852703586	-0.312292370743941	0.0639885090098555	-0.0230338572850776	-0.0758194873112139	0.243330168479809	-0.149300104034297	-0.549527634983539	-0.317073356157762	-0.255627404486779
0.111756240873157	-0.227382459101133	0.0636450494685676	0.113958039154866	0.028246820101862	0.215454801418386	-0.130906023342182	-0.508988181203115	-0.240975279110996	-0.436798717581457
0.137886153340828	-0.173993832804059	0.141859252339128	0.247593239742406	-0.0238918788041795	0.114388622607789	0.00476220037109788	-0.146993403176862	-0.206894420008327	-0.212592317425599
0.163113992908101	-0.220365956448348	0.203308738230194	-0.0523149269285855	0.0615415904336812	0.151323223545115	-0.140082070021363	-0.400192578444304	-0.178387300960444	-0.322217375266024
0.111281536903078	-0.134256112295761	0.237551837775274	0.0735582420441246	0.110297976372218	0.242024770669277	-0.0532060192357136	-0.100807814869906	0.0902504149316651	-0.751603869385625
0.129467061029789	-0.162136635037413	0.210479632788937	-0.0736827468967558	-0.193333330487148	0.145891574248356	-0.1633248903281	-0.627498420063553	-0.152258466662692	-0.386189900076246
-0.0372054193850761	-0.233106547114345	0.125052268195743	0.108803208728612	-0.0337509527637913	0.292113921598336	-0.296473343754174	-0.403788997310488	-0.274920239823985	-0.336777043600523
0.261459235323796	-0.191621257813813	0.465029806106977	-0.283985370669319	0.30035054691488	0.0388462895334457	-0.171678942232513	0.0677056175967956	-0.289247962965033	-0.104398866037454
-0.184594036671932	-0.436393742125762	0.200258587324843	0.0601486276533971	-0.193250161163321	0.248051744055754	-0.444543097933082	-0.286919936706971	-0.256966572210745	-0.485488134756184
0.148991823298792	-0.102650826803054	0.190967892546579	0.284516417524284	-0.0812862556088965	0.149031426132906	-0.0166426866612021	-0.227324655994428	-0.142946314485228	-0.15450917863443
0.121528235908466	-0.0465143250966398	0.0950164235826473	0.207585455308501	-0.0617623007313908	0.323991574886534	-0.222647378237961	-0.417412838216134	0.0942934950327426	-0.121854862796971
0.251731860298903	-0.108758920911303	0.0683393765122927	-0.0261696184412471	0.0593144852567669	0.194722557667905	-0.385603310663273	-0.389252443869969	0.0096152705143851	-0.188086403809006
0.0746965795321543	-0.113201513920362	0.17778150118005	-0.132558274513422	0.0112965129242034	0.0643550692467469	-0.114615742035991	-0.514919655868533	-0.264657104104739	-0.496934401649433
-0.00482333699186786	-0.297507304335128	-0.0224865815738629	-0.177409791676167	-0.12318043314425	0.238073479581117	-0.179618985877291	-0.612410979257739	-0.286522143951899	-0.190480100614677
0.092798834448738	-0.156364101305902	0.439561496082831	-0.519418457420644	0.0728614138833579	-0.18866317731394	-0.151316705746294	-0.104958336990302	-0.19542285757439	-0.16624287343946
-0.181545160408668	-0.118429989356184	0.161605122557523	0.0335735536847221	-0.233217331105461	0.454445268817025	-0.63192524100429	-0.431413710755749	-0.141486357160518	-0.12218528966244
-0.00393601371121151	-0.167270206490576	-0.016475324138802	-0.168006163500519	0.0551678183739519	0.25599486014218	-0.377341463664264	-0.327063445976954	-0.0793346731868875	-0.13575080759357
-0.0153325260616815	-0.224701570023806	0.387942269253994	-0.536972229574074	0.0254687685849472	-0.173933500730346	-0.228194086706399	0.00378968011784711	-0.124898807835002	-0.240224387205611
0.104723542869375	0.0685448342423364	0.127187909327694	0.0528118682669871	0.194275755484882	0.200480307875045	-0.370535471546654	-0.0104407859534412	0.196223964816288	-0.386530767175004
0.307114168114047	-0.135525043058162	0.476122411960699	-0.410368839272369	0.133131532973366	-0.0567602762802502	-0.0806754855534959	0.0804889256944074	0.110780204779722	-0.202794396001246
0.0342124608538552	-0.210320786942422	0.319243867528071	0.0967214751290744	-0.122418945755988	0.114963990541785	-0.0124385687345419	-0.350901073541736	-0.0917279390193551	-0.550652516793971
0.260032924680389	-0.0724352828793867	0.0492480740907294	-0.283637097281658	0.174860557904796	0.00348028446067819	-0.184707450060136	-0.0579138829024036	0.072633876629121	-0.106644698286094
-0.200444525180662	0.0575924439359454	0.046150670490146	-0.0146372717389462	-0.144478126858573	0.339908897198246	-0.198811332951415	-0.552277130238007	0.0112500706664784	-0.356987778802543
-0.225575617639519	0.238362966264994	0.195235360584295	-0.15366714553695	-0.0743144406346509	0.46118878639641	-0.136834723393389	-0.426977276823826	-0.0094487735909104	-0.398485648943023
-0.190500214521625	0.0851798080216029	-0.0105893273340814	0.0276521163839863	-0.0923829461787223	0.221568911731874	-0.160253796604743	-0.299578410844379	0.054377620364239	-0.220640413974922
0.142290290934989	-0.148692325644901	0.167680115532678	-0.0577319476496909	0.155759034832478	0.141941983294596	-0.240837808862184	-0.182592863753121	-0.246185879671733	-0.0769399345185721
